MO,,SHOP,,SWKS,,MDB,,NVDA,
Date,Close,Date,Close,Date,Close,Date,Close,Date,Close
5/13/2019 16:00:00,51.44,5/13/2019 16:00:00,250.79,5/13/2019 16:00:00,76.63,5/13/2019 16:00:00,127.84,5/13/2019 16:00:00,158.45
5/14/2019 16:00:00,51.89,5/14/2019 16:00:00,253.15,5/14/2019 16:00:00,78.11,5/14/2019 16:00:00,133.34,5/14/2019 16:00:00,162.04
5/15/2019 16:00:00,52.13,5/15/2019 16:00:00,264.16,5/15/2019 16:00:00,78.75,5/15/2019 16:00:00,138.44,5/15/2019 16:00:00,159.58
5/16/2019 16:00:00,52.03,5/16/2019 16:00:00,278.01,5/16/2019 16:00:00,73.99,5/16/2019 16:00:00,146.86,5/16/2019 16:00:00,160.19
5/17/2019 16:00:00,52.35,5/17/2019 16:00:00,273.5,5/17/2019 16:00:00,70.41,5/17/2019 16:00:00,145.74,5/17/2019 16:00:00,156.53
5/20/2019 16:00:00,52.33,5/20/2019 16:00:00,267.19,5/20/2019 16:00:00,68.01,5/20/2019 16:00:00,145.05,5/20/2019 16:00:00,151.75
5/21/2019 16:00:00,51.87,5/21/2019 16:00:00,272.81,5/21/2019 16:00:00,69.74,5/21/2019 16:00:00,144.4,5/21/2019 16:00:00,155.06
5/22/2019 16:00:00,52.83,5/22/2019 16:00:00,279,5/22/2019 16:00:00,68.54,5/22/2019 16:00:00,142.46,5/22/2019 16:00:00,152.2
5/23/2019 16:00:00,52.81,5/23/2019 16:00:00,271.62,5/23/2019 16:00:00,68.46,5/23/2019 16:00:00,138.82,5/23/2019 16:00:00,147.32
5/24/2019 16:00:00,52.4,5/24/2019 16:00:00,275.85,5/24/2019 16:00:00,69.53,5/24/2019 16:00:00,139.77,5/24/2019 16:00:00,145.15
5/28/2019 16:00:00,49.87,5/28/2019 16:00:00,282.43,5/28/2019 16:00:00,68.01,5/28/2019 16:00:00,141.4,5/28/2019 16:00:00,143.33
5/29/2019 16:00:00,50.19,5/29/2019 16:00:00,272.68,5/29/2019 16:00:00,68.54,5/29/2019 16:00:00,137.49,5/29/2019 16:00:00,140.34
5/30/2019 16:00:00,50.21,5/30/2019 16:00:00,277.05,5/30/2019 16:00:00,68.27,5/30/2019 16:00:00,139.99,5/30/2019 16:00:00,139.11
5/31/2019 16:00:00,49.06,5/31/2019 16:00:00,274.9,5/31/2019 16:00:00,66.63,5/31/2019 16:00:00,140.34,5/31/2019 16:00:00,135.46
6/3/2019 16:00:00,50.1,6/3/2019 16:00:00,265,6/3/2019 16:00:00,66.92,6/3/2019 16:00:00,130.56,6/3/2019 16:00:00,133.78
6/4/2019 16:00:00,50.42,6/4/2019 16:00:00,274,6/4/2019 16:00:00,69.4,6/4/2019 16:00:00,138.21,6/4/2019 16:00:00,143
6/5/2019 16:00:00,49.69,6/5/2019 16:00:00,292.52,6/5/2019 16:00:00,67.96,6/5/2019 16:00:00,148.87,6/5/2019 16:00:00,141.28
6/6/2019 16:00:00,50.75,6/6/2019 16:00:00,297.06,6/6/2019 16:00:00,69.43,6/6/2019 16:00:00,147.74,6/6/2019 16:00:00,143.78
6/7/2019 16:00:00,51.38,6/7/2019 16:00:00,305.05,6/7/2019 16:00:00,70.15,6/7/2019 16:00:00,169.97,6/7/2019 16:00:00,145.5
6/10/2019 16:00:00,51.21,6/10/2019 16:00:00,306.73,6/10/2019 16:00:00,73.1,6/10/2019 16:00:00,172.36,6/10/2019 16:00:00,148.43
6/11/2019 16:00:00,52.15,6/11/2019 16:00:00,306.71,6/11/2019 16:00:00,73.97,6/11/2019 16:00:00,163.03,6/11/2019 16:00:00,150.75
6/12/2019 16:00:00,51.59,6/12/2019 16:00:00,310.14,6/12/2019 16:00:00,72.66,6/12/2019 16:00:00,166.32,6/12/2019 16:00:00,146.2
6/13/2019 16:00:00,51.21,6/13/2019 16:00:00,306.99,6/13/2019 16:00:00,73.35,6/13/2019 16:00:00,166.96,6/13/2019 16:00:00,148.26
6/14/2019 16:00:00,50.86,6/14/2019 16:00:00,305.11,6/14/2019 16:00:00,71.8,6/14/2019 16:00:00,165.68,6/14/2019 16:00:00,144.64
6/17/2019 16:00:00,50.86,6/17/2019 16:00:00,305.85,6/17/2019 16:00:00,72.44,6/17/2019 16:00:00,164.97,6/17/2019 16:00:00,145.03
6/18/2019 16:00:00,50.12,6/18/2019 16:00:00,304.21,6/18/2019 16:00:00,75.72,6/18/2019 16:00:00,166.36,6/18/2019 16:00:00,152.88
6/19/2019 16:00:00,49.9,6/19/2019 16:00:00,327.02,6/19/2019 16:00:00,75.53,6/19/2019 16:00:00,174.01,6/19/2019 16:00:00,153.12
6/20/2019 16:00:00,50.26,6/20/2019 16:00:00,328.01,6/20/2019 16:00:00,75.84,6/20/2019 16:00:00,173.74,6/20/2019 16:00:00,154.1
6/21/2019 16:00:00,48,6/21/2019 16:00:00,326.85,6/21/2019 16:00:00,75.22,6/21/2019 16:00:00,169.87,6/21/2019 16:00:00,151.76
6/24/2019 16:00:00,48.49,6/24/2019 16:00:00,311.83,6/24/2019 16:00:00,75.91,6/24/2019 16:00:00,165.3,6/24/2019 16:00:00,152.66
6/25/2019 16:00:00,48.78,6/25/2019 16:00:00,284.04,6/25/2019 16:00:00,74.32,6/25/2019 16:00:00,158.59,6/25/2019 16:00:00,151.48
6/26/2019 16:00:00,47.94,6/26/2019 16:00:00,289.03,6/26/2019 16:00:00,75.84,6/26/2019 16:00:00,150.69,6/26/2019 16:00:00,159.26
6/27/2019 16:00:00,47.9,6/27/2019 16:00:00,300.96,6/27/2019 16:00:00,76.95,6/27/2019 16:00:00,151.49,6/27/2019 16:00:00,163.23
6/28/2019 16:00:00,47.35,6/28/2019 16:00:00,300.15,6/28/2019 16:00:00,77.27,6/28/2019 16:00:00,152.09,6/28/2019 16:00:00,164.23
7/1/2019 16:00:00,47.69,7/1/2019 16:00:00,304.68,7/1/2019 16:00:00,81.91,7/1/2019 16:00:00,147.67,7/1/2019 16:00:00,166.17
7/2/2019 16:00:00,48.6,7/2/2019 16:00:00,311.96,7/2/2019 16:00:00,80.84,7/2/2019 16:00:00,154.05,7/2/2019 16:00:00,162.23
7/3/2019 13:00:00,49.19,7/3/2019 13:00:00,313.33,7/3/2019 13:00:00,80.69,7/3/2019 13:00:00,154.98,7/3/2019 13:00:00,162.75
7/5/2019 16:00:00,48.78,7/5/2019 16:00:00,313.72,7/5/2019 16:00:00,80.33,7/5/2019 16:00:00,155.9,7/5/2019 16:00:00,160.23
7/8/2019 16:00:00,49.08,7/8/2019 16:00:00,321,7/8/2019 16:00:00,79.35,7/8/2019 16:00:00,157.04,7/8/2019 16:00:00,157.21
7/9/2019 16:00:00,48.35,7/9/2019 16:00:00,321.98,7/9/2019 16:00:00,79.76,7/9/2019 16:00:00,157.72,7/9/2019 16:00:00,157.31
7/10/2019 16:00:00,49,7/10/2019 16:00:00,319.01,7/10/2019 16:00:00,79.91,7/10/2019 16:00:00,157.23,7/10/2019 16:00:00,160.06
7/11/2019 16:00:00,49.26,7/11/2019 16:00:00,315,7/11/2019 16:00:00,79.18,7/11/2019 16:00:00,158.04,7/11/2019 16:00:00,166.28
7/12/2019 16:00:00,49.5,7/12/2019 16:00:00,310.02,7/12/2019 16:00:00,81.01,7/12/2019 16:00:00,153.1,7/12/2019 16:00:00,167.61
7/15/2019 16:00:00,49.54,7/15/2019 16:00:00,324.02,7/15/2019 16:00:00,82.04,7/15/2019 16:00:00,153.17,7/15/2019 16:00:00,167.27
7/16/2019 16:00:00,49.41,7/16/2019 16:00:00,317.39,7/16/2019 16:00:00,81.31,7/16/2019 16:00:00,151.79,7/16/2019 16:00:00,167.08
7/17/2019 16:00:00,49.45,7/17/2019 16:00:00,325.32,7/17/2019 16:00:00,80.17,7/17/2019 16:00:00,160.79,7/17/2019 16:00:00,169.71
7/18/2019 16:00:00,50.53,7/18/2019 16:00:00,331.15,7/18/2019 16:00:00,81.42,7/18/2019 16:00:00,162.93,7/18/2019 16:00:00,170.18
7/19/2019 16:00:00,50.53,7/19/2019 16:00:00,330,7/19/2019 16:00:00,81.32,7/19/2019 16:00:00,164,7/19/2019 16:00:00,168.44
7/22/2019 16:00:00,49.67,7/22/2019 16:00:00,335.24,7/22/2019 16:00:00,83.27,7/22/2019 16:00:00,160.86,7/22/2019 16:00:00,171.32
7/23/2019 16:00:00,50.04,7/23/2019 16:00:00,330.22,7/23/2019 16:00:00,84.54,7/23/2019 16:00:00,155.97,7/23/2019 16:00:00,175.66
7/24/2019 16:00:00,49.78,7/24/2019 16:00:00,329.57,7/24/2019 16:00:00,86.35,7/24/2019 16:00:00,156.02,7/24/2019 16:00:00,178.66
7/25/2019 16:00:00,49.59,7/25/2019 16:00:00,333.34,7/25/2019 16:00:00,85.66,7/25/2019 16:00:00,155.7,7/25/2019 16:00:00,173.38
7/26/2019 16:00:00,49.86,7/26/2019 16:00:00,336.54,7/26/2019 16:00:00,85.98,7/26/2019 16:00:00,158.06,7/26/2019 16:00:00,175.07
7/29/2019 16:00:00,50.31,7/29/2019 16:00:00,319.71,7/29/2019 16:00:00,86.8,7/29/2019 16:00:00,144.89,7/29/2019 16:00:00,174.82
7/30/2019 16:00:00,48.5,7/30/2019 16:00:00,314.3,7/30/2019 16:00:00,87.75,7/30/2019 16:00:00,142.03,7/30/2019 16:00:00,175.45
7/31/2019 16:00:00,47.07,7/31/2019 16:00:00,317.88,7/31/2019 16:00:00,85.28,7/31/2019 16:00:00,143.22,7/31/2019 16:00:00,168.72
8/1/2019 16:00:00,47.88,8/1/2019 16:00:00,341.39,8/1/2019 16:00:00,82.77,8/1/2019 16:00:00,143.66,8/1/2019 16:00:00,164.92
8/2/2019 16:00:00,47.93,8/2/2019 16:00:00,332.19,8/2/2019 16:00:00,79.33,8/2/2019 16:00:00,140.78,8/2/2019 16:00:00,161.19
8/5/2019 16:00:00,46.65,8/5/2019 16:00:00,321.39,8/5/2019 16:00:00,75.82,8/5/2019 16:00:00,135.88,8/5/2019 16:00:00,150.79
8/6/2019 16:00:00,46.16,8/6/2019 16:00:00,332.67,8/6/2019 16:00:00,77.66,8/6/2019 16:00:00,139,8/6/2019 16:00:00,152.35
8/7/2019 16:00:00,46.23,8/7/2019 16:00:00,341.31,8/7/2019 16:00:00,79.9,8/7/2019 16:00:00,142.63,8/7/2019 16:00:00,153.89
8/8/2019 16:00:00,46.5,8/8/2019 16:00:00,357.81,8/8/2019 16:00:00,80.27,8/8/2019 16:00:00,149.51,8/8/2019 16:00:00,158.26
8/9/2019 16:00:00,46.16,8/9/2019 16:00:00,369.95,8/9/2019 16:00:00,77.52,8/9/2019 16:00:00,148.9,8/9/2019 16:00:00,154.18
8/12/2019 16:00:00,45.98,8/12/2019 16:00:00,366.73,8/12/2019 16:00:00,76.28,8/12/2019 16:00:00,143.51,8/12/2019 16:00:00,151.45
8/13/2019 16:00:00,46.78,8/13/2019 16:00:00,369.23,8/13/2019 16:00:00,78.44,8/13/2019 16:00:00,146.23,8/13/2019 16:00:00,156.05
8/14/2019 16:00:00,45.87,8/14/2019 16:00:00,352.8,8/14/2019 16:00:00,75.99,8/14/2019 16:00:00,142.28,8/14/2019 16:00:00,150.07
8/15/2019 16:00:00,45.49,8/15/2019 16:00:00,351.07,8/15/2019 16:00:00,75.55,8/15/2019 16:00:00,141.65,8/15/2019 16:00:00,148.77
8/16/2019 16:00:00,46.48,8/16/2019 16:00:00,358.74,8/16/2019 16:00:00,76.66,8/16/2019 16:00:00,143.79,8/16/2019 16:00:00,159.56
8/19/2019 16:00:00,46.7,8/19/2019 16:00:00,361.83,8/19/2019 16:00:00,77.09,8/19/2019 16:00:00,140.58,8/19/2019 16:00:00,170.78
8/20/2019 16:00:00,46.03,8/20/2019 16:00:00,374.97,8/20/2019 16:00:00,76.74,8/20/2019 16:00:00,139.19,8/20/2019 16:00:00,167.87
8/21/2019 16:00:00,46.25,8/21/2019 16:00:00,389.83,8/21/2019 16:00:00,77.58,8/21/2019 16:00:00,148.08,8/21/2019 16:00:00,171.23
8/22/2019 16:00:00,46.59,8/22/2019 16:00:00,388.54,8/22/2019 16:00:00,76.92,8/22/2019 16:00:00,142.34,8/22/2019 16:00:00,171.48
8/23/2019 16:00:00,46.41,8/23/2019 16:00:00,382.75,8/23/2019 16:00:00,73.55,8/23/2019 16:00:00,139.37,8/23/2019 16:00:00,162.44
8/26/2019 16:00:00,47.12,8/26/2019 16:00:00,395.96,8/26/2019 16:00:00,73.75,8/26/2019 16:00:00,146.65,8/26/2019 16:00:00,165.45
8/27/2019 16:00:00,45.25,8/27/2019 16:00:00,406.99,8/27/2019 16:00:00,72.87,8/27/2019 16:00:00,150.21,8/27/2019 16:00:00,161.8
8/28/2019 16:00:00,45.85,8/28/2019 16:00:00,394.8,8/28/2019 16:00:00,73.37,8/28/2019 16:00:00,147.98,8/28/2019 16:00:00,161.22
8/29/2019 16:00:00,44.25,8/29/2019 16:00:00,391.71,8/29/2019 16:00:00,74.95,8/29/2019 16:00:00,154.36,8/29/2019 16:00:00,167
8/30/2019 16:00:00,43.74,8/30/2019 16:00:00,385.39,8/30/2019 16:00:00,75.27,8/30/2019 16:00:00,152.31,8/30/2019 16:00:00,167.51
9/3/2019 16:00:00,44.04,9/3/2019 16:00:00,383.91,9/3/2019 16:00:00,74.17,9/3/2019 16:00:00,149.94,9/3/2019 16:00:00,164.17
9/4/2019 16:00:00,44.3,9/4/2019 16:00:00,386.49,9/4/2019 16:00:00,76.02,9/4/2019 16:00:00,158.66,9/4/2019 16:00:00,168.76
9/5/2019 16:00:00,43.85,9/5/2019 16:00:00,392.72,9/5/2019 16:00:00,79.33,9/5/2019 16:00:00,150.44,9/5/2019 16:00:00,179.74
9/6/2019 16:00:00,43.85,9/6/2019 16:00:00,380.42,9/6/2019 16:00:00,79.87,9/6/2019 16:00:00,140.63,9/6/2019 16:00:00,178.65
9/9/2019 16:00:00,44.04,9/9/2019 16:00:00,358.67,9/9/2019 16:00:00,79.72,9/9/2019 16:00:00,131.37,9/9/2019 16:00:00,180.5
9/10/2019 16:00:00,44.24,9/10/2019 16:00:00,337.24,9/10/2019 16:00:00,80.3,9/10/2019 16:00:00,129.02,9/10/2019 16:00:00,183.18
9/11/2019 16:00:00,44.72,9/11/2019 16:00:00,347.51,9/11/2019 16:00:00,83.51,9/11/2019 16:00:00,130.58,9/11/2019 16:00:00,184.33
9/12/2019 16:00:00,44.46,9/12/2019 16:00:00,356.63,9/12/2019 16:00:00,82.33,9/12/2019 16:00:00,128.53,9/12/2019 16:00:00,184.27
9/13/2019 16:00:00,42.01,9/13/2019 16:00:00,338.31,9/13/2019 16:00:00,82.14,9/13/2019 16:00:00,123.29,9/13/2019 16:00:00,181.94
9/16/2019 16:00:00,41.41,9/16/2019 16:00:00,337.93,9/16/2019 16:00:00,81.98,9/16/2019 16:00:00,132,9/16/2019 16:00:00,180.21
9/17/2019 16:00:00,41.31,9/17/2019 16:00:00,328.82,9/17/2019 16:00:00,80.95,9/17/2019 16:00:00,136,9/17/2019 16:00:00,181.07
9/18/2019 16:00:00,40.84,9/18/2019 16:00:00,325.85,9/18/2019 16:00:00,80.24,9/18/2019 16:00:00,134.28,9/18/2019 16:00:00,179.98
9/19/2019 16:00:00,40.12,9/19/2019 16:00:00,325,9/19/2019 16:00:00,79.27,9/19/2019 16:00:00,131.46,9/19/2019 16:00:00,176.94
9/20/2019 16:00:00,40.81,9/20/2019 16:00:00,318.82,9/20/2019 16:00:00,79.75,9/20/2019 16:00:00,131.82,9/20/2019 16:00:00,172.69
9/23/2019 16:00:00,40.88,9/23/2019 16:00:00,313.26,9/23/2019 16:00:00,79.84,9/23/2019 16:00:00,131.35,9/23/2019 16:00:00,174.84
9/24/2019 16:00:00,40.73,9/24/2019 16:00:00,295.47,9/24/2019 16:00:00,79.72,9/24/2019 16:00:00,124.02,9/24/2019 16:00:00,172.53
9/25/2019 16:00:00,40.56,9/25/2019 16:00:00,314.6,9/25/2019 16:00:00,80.99,9/25/2019 16:00:00,125,9/25/2019 16:00:00,178.23
9/26/2019 16:00:00,40.66,9/26/2019 16:00:00,313.14,9/26/2019 16:00:00,80.36,9/26/2019 16:00:00,126.66,9/26/2019 16:00:00,177.34
9/27/2019 16:00:00,40.13,9/27/2019 16:00:00,305.69,9/27/2019 16:00:00,77.47,9/27/2019 16:00:00,117.33,9/27/2019 16:00:00,171.76
9/30/2019 16:00:00,40.9,9/30/2019 16:00:00,311.66,9/30/2019 16:00:00,79.25,9/30/2019 16:00:00,120.48,9/30/2019 16:00:00,174.07
10/1/2019 16:00:00,41.16,10/1/2019 16:00:00,313.22,10/1/2019 16:00:00,77.41,10/1/2019 16:00:00,120.47,10/1/2019 16:00:00,174
10/2/2019 16:00:00,40.21,10/2/2019 16:00:00,310.36,10/2/2019 16:00:00,75.43,10/2/2019 16:00:00,120.74,10/2/2019 16:00:00,173.04
10/3/2019 16:00:00,40.81,10/3/2019 16:00:00,325.57,10/3/2019 16:00:00,77.27,10/3/2019 16:00:00,129.06,10/3/2019 16:00:00,181.31
10/4/2019 16:00:00,41.65,10/4/2019 16:00:00,327.2,10/4/2019 16:00:00,80.65,10/4/2019 16:00:00,131.21,10/4/2019 16:00:00,181.97
10/7/2019 16:00:00,42.17,10/7/2019 16:00:00,326.32,10/7/2019 16:00:00,80.88,10/7/2019 16:00:00,136.72,10/7/2019 16:00:00,184.33
10/8/2019 16:00:00,42,10/8/2019 16:00:00,311.05,10/8/2019 16:00:00,79,10/8/2019 16:00:00,127.5,10/8/2019 16:00:00,177.23
10/9/2019 16:00:00,42.46,10/9/2019 16:00:00,313.85,10/9/2019 16:00:00,80.71,10/9/2019 16:00:00,133.47,10/9/2019 16:00:00,180.71
10/10/2019 16:00:00,42.98,10/10/2019 16:00:00,324.47,10/10/2019 16:00:00,84.89,10/10/2019 16:00:00,132.47,10/10/2019 16:00:00,183.03
10/11/2019 16:00:00,42.57,10/11/2019 16:00:00,329.26,10/11/2019 16:00:00,85.4,10/11/2019 16:00:00,136.31,10/11/2019 16:00:00,185.99
10/14/2019 16:00:00,42.72,10/14/2019 16:00:00,344.3,10/14/2019 16:00:00,84.98,10/14/2019 16:00:00,137.54,10/14/2019 16:00:00,186.53
10/15/2019 16:00:00,43.43,10/15/2019 16:00:00,346.08,10/15/2019 16:00:00,86.64,10/15/2019 16:00:00,134.9,10/15/2019 16:00:00,196.37
10/16/2019 16:00:00,43.51,10/16/2019 16:00:00,323.64,10/16/2019 16:00:00,85.66,10/16/2019 16:00:00,121.47,10/16/2019 16:00:00,194.21
10/17/2019 16:00:00,44.28,10/17/2019 16:00:00,331.34,10/17/2019 16:00:00,87.55,10/17/2019 16:00:00,120.36,10/17/2019 16:00:00,194.29
10/18/2019 16:00:00,44.33,10/18/2019 16:00:00,314.34,10/18/2019 16:00:00,87.77,10/18/2019 16:00:00,116.86,10/18/2019 16:00:00,190.49
10/21/2019 16:00:00,45.56,10/21/2019 16:00:00,319.73,10/21/2019 16:00:00,89.89,10/21/2019 16:00:00,118.48,10/21/2019 16:00:00,196.01
10/22/2019 16:00:00,46.34,10/22/2019 16:00:00,299.69,10/22/2019 16:00:00,88.96,10/22/2019 16:00:00,114.77,10/22/2019 16:00:00,195.61
10/23/2019 16:00:00,46.75,10/23/2019 16:00:00,297.14,10/23/2019 16:00:00,89.29,10/23/2019 16:00:00,115.47,10/23/2019 16:00:00,195.09
10/24/2019 16:00:00,46.96,10/24/2019 16:00:00,323.34,10/24/2019 16:00:00,89.69,10/24/2019 16:00:00,122.43,10/24/2019 16:00:00,196.86
10/25/2019 16:00:00,46.8,10/25/2019 16:00:00,317.45,10/25/2019 16:00:00,90.06,10/25/2019 16:00:00,125.78,10/25/2019 16:00:00,204.54
10/28/2019 16:00:00,45.99,10/28/2019 16:00:00,324.93,10/28/2019 16:00:00,91.66,10/28/2019 16:00:00,128.02,10/28/2019 16:00:00,206.79
10/29/2019 16:00:00,46.38,10/29/2019 16:00:00,312.52,10/29/2019 16:00:00,91.21,10/29/2019 16:00:00,125.49,10/29/2019 16:00:00,202.92
10/30/2019 16:00:00,45.96,10/30/2019 16:00:00,319.12,10/30/2019 16:00:00,90.97,10/30/2019 16:00:00,132.67,10/30/2019 16:00:00,203
10/31/2019 16:00:00,44.79,10/31/2019 16:00:00,313.57,10/31/2019 16:00:00,91.06,10/31/2019 16:00:00,127.77,10/31/2019 16:00:00,201.02
11/1/2019 16:00:00,45.06,11/1/2019 16:00:00,316.76,11/1/2019 16:00:00,98.3,11/1/2019 16:00:00,128.16,11/1/2019 16:00:00,202.59
11/4/2019 16:00:00,45.6,11/4/2019 16:00:00,307.91,11/4/2019 16:00:00,98.48,11/4/2019 16:00:00,126.88,11/4/2019 16:00:00,210.5
11/5/2019 16:00:00,46.25,11/5/2019 16:00:00,295.5,11/5/2019 16:00:00,98.72,11/5/2019 16:00:00,125.06,11/5/2019 16:00:00,209.61
11/6/2019 16:00:00,45.91,11/6/2019 16:00:00,295.02,11/6/2019 16:00:00,98.13,11/6/2019 16:00:00,127.03,11/6/2019 16:00:00,207.63
11/7/2019 16:00:00,45.98,11/7/2019 16:00:00,285.75,11/7/2019 16:00:00,98.64,11/7/2019 16:00:00,123.76,11/7/2019 16:00:00,208.34
11/8/2019 16:00:00,46.41,11/8/2019 16:00:00,297.64,11/8/2019 16:00:00,100.44,11/8/2019 16:00:00,126.13,11/8/2019 16:00:00,207.78
11/11/2019 16:00:00,46.41,11/11/2019 16:00:00,303.32,11/11/2019 16:00:00,100.38,11/11/2019 16:00:00,126.8,11/11/2019 16:00:00,208.18
11/12/2019 16:00:00,47,11/12/2019 16:00:00,305.56,11/12/2019 16:00:00,101.59,11/12/2019 16:00:00,128.72,11/12/2019 16:00:00,209.61
11/13/2019 16:00:00,46.83,11/13/2019 16:00:00,314.31,11/13/2019 16:00:00,101.14,11/13/2019 16:00:00,130.93,11/13/2019 16:00:00,208.57
11/14/2019 16:00:00,46.63,11/14/2019 16:00:00,312.45,11/14/2019 16:00:00,98.75,11/14/2019 16:00:00,131.79,11/14/2019 16:00:00,209.79
11/15/2019 16:00:00,47.97,11/15/2019 16:00:00,312.38,11/15/2019 16:00:00,99.42,11/15/2019 16:00:00,134.77,11/15/2019 16:00:00,204.19
11/18/2019 16:00:00,48.34,11/18/2019 16:00:00,322.98,11/18/2019 16:00:00,97.45,11/18/2019 16:00:00,137.09,11/18/2019 16:00:00,212.28
11/19/2019 16:00:00,46.93,11/19/2019 16:00:00,316.28,11/19/2019 16:00:00,96.61,11/19/2019 16:00:00,140.99,11/19/2019 16:00:00,207.99
11/20/2019 16:00:00,48.45,11/20/2019 16:00:00,317.05,11/20/2019 16:00:00,96.04,11/20/2019 16:00:00,147.75,11/20/2019 16:00:00,211.18
11/21/2019 16:00:00,48.82,11/21/2019 16:00:00,316.07,11/21/2019 16:00:00,96.41,11/21/2019 16:00:00,146.47,11/21/2019 16:00:00,210.18
11/22/2019 16:00:00,49,11/22/2019 16:00:00,314.52,11/22/2019 16:00:00,97.84,11/22/2019 16:00:00,147.92,11/22/2019 16:00:00,210.89
11/25/2019 16:00:00,49.26,11/25/2019 16:00:00,317.07,11/25/2019 16:00:00,100.82,11/25/2019 16:00:00,146.88,11/25/2019 16:00:00,221.21
11/26/2019 16:00:00,49.22,11/26/2019 16:00:00,336.19,11/26/2019 16:00:00,99.12,11/26/2019 16:00:00,149.63,11/26/2019 16:00:00,217
11/27/2019 16:00:00,49.75,11/27/2019 16:00:00,341,11/27/2019 16:00:00,99.63,11/27/2019 16:00:00,149.77,11/27/2019 16:00:00,218.24
11/29/2019 13:00:00,49.7,11/29/2019 13:00:00,336.75,11/29/2019 13:00:00,98.3,11/29/2019 13:00:00,148.7,11/29/2019 13:00:00,216.74
12/2/2019 16:00:00,50.6,12/2/2019 16:00:00,330.84,12/2/2019 16:00:00,98.36,12/2/2019 16:00:00,137.43,12/2/2019 16:00:00,209.25
12/3/2019 16:00:00,50.1,12/3/2019 16:00:00,350.66,12/3/2019 16:00:00,97.44,12/3/2019 16:00:00,142.68,12/3/2019 16:00:00,207.66
12/4/2019 16:00:00,50.11,12/4/2019 16:00:00,372,12/4/2019 16:00:00,98.82,12/4/2019 16:00:00,136.48,12/4/2019 16:00:00,209.42
12/5/2019 16:00:00,50.17,12/5/2019 16:00:00,363.59,12/5/2019 16:00:00,99.98,12/5/2019 16:00:00,131.37,12/5/2019 16:00:00,208.74
12/6/2019 16:00:00,50.41,12/6/2019 16:00:00,364.6,12/6/2019 16:00:00,101.36,12/6/2019 16:00:00,131.17,12/6/2019 16:00:00,212.17
12/9/2019 16:00:00,50.53,12/9/2019 16:00:00,369.79,12/9/2019 16:00:00,103.23,12/9/2019 16:00:00,131.01,12/9/2019 16:00:00,212.17
12/10/2019 16:00:00,50.05,12/10/2019 16:00:00,368,12/10/2019 16:00:00,104.39,12/10/2019 16:00:00,129.18,12/10/2019 16:00:00,213.98
12/11/2019 16:00:00,50.3,12/11/2019 16:00:00,373.08,12/11/2019 16:00:00,109.29,12/11/2019 16:00:00,128,12/11/2019 16:00:00,217.34
12/12/2019 16:00:00,49.93,12/12/2019 16:00:00,372.05,12/12/2019 16:00:00,111.49,12/12/2019 16:00:00,124.73,12/12/2019 16:00:00,224.07
12/13/2019 16:00:00,50.16,12/13/2019 16:00:00,385.57,12/13/2019 16:00:00,111.86,12/13/2019 16:00:00,128.41,12/13/2019 16:00:00,223.99
12/16/2019 16:00:00,50.6,12/16/2019 16:00:00,393.63,12/16/2019 16:00:00,113.16,12/16/2019 16:00:00,132.26,12/16/2019 16:00:00,225.15
12/17/2019 16:00:00,50.83,12/17/2019 16:00:00,387.95,12/17/2019 16:00:00,113.1,12/17/2019 16:00:00,129.39,12/17/2019 16:00:00,228.29
12/18/2019 16:00:00,51.36,12/18/2019 16:00:00,396.94,12/18/2019 16:00:00,115.87,12/18/2019 16:00:00,129.18,12/18/2019 16:00:00,229.51
12/19/2019 16:00:00,50.79,12/19/2019 16:00:00,393.06,12/19/2019 16:00:00,117.85,12/19/2019 16:00:00,130.96,12/19/2019 16:00:00,235.46
12/20/2019 16:00:00,51.13,12/20/2019 16:00:00,390.07,12/20/2019 16:00:00,118.9,12/20/2019 16:00:00,130.68,12/20/2019 16:00:00,239.37
12/23/2019 16:00:00,51.55,12/23/2019 16:00:00,389.13,12/23/2019 16:00:00,120.03,12/23/2019 16:00:00,132.36,12/23/2019 16:00:00,238.82
12/24/2019 13:00:00,50.28,12/24/2019 13:00:00,399.39,12/24/2019 13:00:00,122.16,12/24/2019 13:00:00,132.55,12/24/2019 13:00:00,238.62
12/26/2019 16:00:00,50.4,12/26/2019 16:00:00,408.75,12/26/2019 16:00:00,122.28,12/26/2019 16:00:00,135.02,12/26/2019 16:00:00,239.19
12/27/2019 16:00:00,50.4,12/27/2019 16:00:00,408,12/27/2019 16:00:00,122.29,12/27/2019 16:00:00,134.13,12/27/2019 16:00:00,236.87
12/30/2019 16:00:00,49.89,12/30/2019 16:00:00,396.36,12/30/2019 16:00:00,121.03,12/30/2019 16:00:00,128.93,12/30/2019 16:00:00,232.32
12/31/2019 16:00:00,49.91,12/31/2019 16:00:00,397.58,12/31/2019 16:00:00,120.88,12/31/2019 16:00:00,131.61,12/31/2019 16:00:00,235.3
1/2/2020 16:00:00,49.25,1/2/2020 16:00:00,407.81,1/2/2020 16:00:00,121.67,1/2/2020 16:00:00,134.33,1/2/2020 16:00:00,239.91
1/3/2020 16:00:00,49.63,1/3/2020 16:00:00,404.29,1/3/2020 16:00:00,118.65,1/3/2020 16:00:00,135.29,1/3/2020 16:00:00,236.07
1/6/2020 16:00:00,49.83,1/6/2020 16:00:00,413.33,1/6/2020 16:00:00,116.56,1/6/2020 16:00:00,140.5,1/6/2020 16:00:00,237.06
1/7/2020 16:00:00,49.57,1/7/2020 16:00:00,414.5,1/7/2020 16:00:00,117.67,1/7/2020 16:00:00,138.86,1/7/2020 16:00:00,239.93
1/8/2020 16:00:00,50.08,1/8/2020 16:00:00,418.1,1/8/2020 16:00:00,119.54,1/8/2020 16:00:00,140.27,1/8/2020 16:00:00,240.38
1/9/2020 16:00:00,50.57,1/9/2020 16:00:00,430.2,1/9/2020 16:00:00,119.65,1/9/2020 16:00:00,149.96,1/9/2020 16:00:00,243.02
1/10/2020 16:00:00,50.22,1/10/2020 16:00:00,429.17,1/10/2020 16:00:00,120.08,1/10/2020 16:00:00,149.23,1/10/2020 16:00:00,244.32
1/13/2020 16:00:00,50.76,1/13/2020 16:00:00,440.25,1/13/2020 16:00:00,124.51,1/13/2020 16:00:00,152.91,1/13/2020 16:00:00,251.98
1/14/2020 16:00:00,50.87,1/14/2020 16:00:00,441.22,1/14/2020 16:00:00,123.34,1/14/2020 16:00:00,152.83,1/14/2020 16:00:00,247.28
1/15/2020 16:00:00,51.25,1/15/2020 16:00:00,448.51,1/15/2020 16:00:00,120.42,1/15/2020 16:00:00,152.38,1/15/2020 16:00:00,245.57
1/16/2020 16:00:00,51.09,1/16/2020 16:00:00,451.3,1/16/2020 16:00:00,123.09,1/16/2020 16:00:00,151.9,1/16/2020 16:00:00,248.93
1/17/2020 16:00:00,51.02,1/17/2020 16:00:00,454.88,1/17/2020 16:00:00,124.17,1/17/2020 16:00:00,149.39,1/17/2020 16:00:00,249.28
1/21/2020 16:00:00,51.09,1/21/2020 16:00:00,465.44,1/21/2020 16:00:00,123.8,1/21/2020 16:00:00,148.68,1/21/2020 16:00:00,247.94
1/22/2020 16:00:00,51.03,1/22/2020 16:00:00,464.76,1/22/2020 16:00:00,124.9,1/22/2020 16:00:00,149.96,1/22/2020 16:00:00,250.05
1/23/2020 16:00:00,50.56,1/23/2020 16:00:00,469.25,1/23/2020 16:00:00,128.19,1/23/2020 16:00:00,148.57,1/23/2020 16:00:00,252.86
1/24/2020 16:00:00,50.25,1/24/2020 16:00:00,465.48,1/24/2020 16:00:00,122.31,1/24/2020 16:00:00,152.11,1/24/2020 16:00:00,250.48
1/27/2020 16:00:00,49.77,1/27/2020 16:00:00,451.11,1/27/2020 16:00:00,116.88,1/27/2020 16:00:00,148.77,1/27/2020 16:00:00,240.2
1/28/2020 16:00:00,50.17,1/28/2020 16:00:00,467.66,1/28/2020 16:00:00,119.79,1/28/2020 16:00:00,152.57,1/28/2020 16:00:00,247.97
1/29/2020 16:00:00,50.11,1/29/2020 16:00:00,471.67,1/29/2020 16:00:00,117.89,1/29/2020 16:00:00,159.31,1/29/2020 16:00:00,245.54
1/30/2020 16:00:00,48,1/30/2020 16:00:00,476.88,1/30/2020 16:00:00,116.23,1/30/2020 16:00:00,167.43,1/30/2020 16:00:00,245.81
1/31/2020 16:00:00,47.53,1/31/2020 16:00:00,465.66,1/31/2020 16:00:00,113.15,1/31/2020 16:00:00,163.91,1/31/2020 16:00:00,236.43
2/3/2020 16:00:00,46.26,2/3/2020 16:00:00,469.39,2/3/2020 16:00:00,115.03,2/3/2020 16:00:00,163.33,2/3/2020 16:00:00,240.33
2/4/2020 16:00:00,46.52,2/4/2020 16:00:00,485.46,2/4/2020 16:00:00,117.96,2/4/2020 16:00:00,172.15,2/4/2020 16:00:00,247.13
2/5/2020 16:00:00,46.28,2/5/2020 16:00:00,475.56,2/5/2020 16:00:00,119.64,2/5/2020 16:00:00,163.21,2/5/2020 16:00:00,250.76
2/6/2020 16:00:00,46.66,2/6/2020 16:00:00,472.98,2/6/2020 16:00:00,117.68,2/6/2020 16:00:00,163.61,2/6/2020 16:00:00,254.25
2/7/2020 16:00:00,46.22,2/7/2020 16:00:00,478.69,2/7/2020 16:00:00,113.94,2/7/2020 16:00:00,164.11,2/7/2020 16:00:00,251.59
2/10/2020 16:00:00,46.2,2/10/2020 16:00:00,491.69,2/10/2020 16:00:00,116.28,2/10/2020 16:00:00,166.25,2/10/2020 16:00:00,262.97
2/11/2020 16:00:00,45.57,2/11/2020 16:00:00,492.75,2/11/2020 16:00:00,119.17,2/11/2020 16:00:00,166.81,2/11/2020 16:00:00,267.89
2/12/2020 16:00:00,45.4,2/12/2020 16:00:00,531.25,2/12/2020 16:00:00,123.05,2/12/2020 16:00:00,170.59,2/12/2020 16:00:00,272.54
2/13/2020 16:00:00,45.65,2/13/2020 16:00:00,532.97,2/13/2020 16:00:00,122.59,2/13/2020 16:00:00,169.91,2/13/2020 16:00:00,270.78
2/14/2020 16:00:00,45.17,2/14/2020 16:00:00,531.22,2/14/2020 16:00:00,118.99,2/14/2020 16:00:00,171.33,2/14/2020 16:00:00,289.79
2/18/2020 16:00:00,45.22,2/18/2020 16:00:00,536.41,2/18/2020 16:00:00,116.77,2/18/2020 16:00:00,176.9,2/18/2020 16:00:00,296.57
2/19/2020 16:00:00,45.14,2/19/2020 16:00:00,543.21,2/19/2020 16:00:00,119.14,2/19/2020 16:00:00,180.09,2/19/2020 16:00:00,314.7
2/20/2020 16:00:00,45.56,2/20/2020 16:00:00,535.58,2/20/2020 16:00:00,117.5,2/20/2020 16:00:00,178.1,2/20/2020 16:00:00,308.7
2/21/2020 16:00:00,45.89,2/21/2020 16:00:00,520.66,2/21/2020 16:00:00,114.63,2/21/2020 16:00:00,164.9,2/21/2020 16:00:00,294.07
2/24/2020 16:00:00,43.8,2/24/2020 16:00:00,490.96,2/24/2020 16:00:00,111.19,2/24/2020 16:00:00,153.85,2/24/2020 16:00:00,273.28
2/25/2020 16:00:00,42.49,2/25/2020 16:00:00,466.46,2/25/2020 16:00:00,106.17,2/25/2020 16:00:00,149.38,2/25/2020 16:00:00,262.05
2/26/2020 16:00:00,42.12,2/26/2020 16:00:00,471.18,2/26/2020 16:00:00,103.81,2/26/2020 16:00:00,151.26,2/26/2020 16:00:00,267.65
2/27/2020 16:00:00,40.3,2/27/2020 16:00:00,438.37,2/27/2020 16:00:00,97.56,2/27/2020 16:00:00,150.19,2/27/2020 16:00:00,252.6
2/28/2020 16:00:00,40.37,2/28/2020 16:00:00,463.31,2/28/2020 16:00:00,100.18,2/28/2020 16:00:00,152.5,2/28/2020 16:00:00,270.07
3/2/2020 16:00:00,42.07,3/2/2020 16:00:00,488.4,3/2/2020 16:00:00,104.27,3/2/2020 16:00:00,155.64,3/2/2020 16:00:00,276.43
3/3/2020 16:00:00,41.9,3/3/2020 16:00:00,476.94,3/3/2020 16:00:00,99.63,3/3/2020 16:00:00,155.16,3/3/2020 16:00:00,265.89
3/4/2020 16:00:00,43.93,3/4/2020 16:00:00,512.23,3/4/2020 16:00:00,103.36,3/4/2020 16:00:00,159.32,3/4/2020 16:00:00,284.51
3/5/2020 16:00:00,43.16,3/5/2020 16:00:00,498.22,3/5/2020 16:00:00,98.59,3/5/2020 16:00:00,159.06,3/5/2020 16:00:00,273.29
3/6/2020 16:00:00,42.15,3/6/2020 16:00:00,472.07,3/6/2020 16:00:00,95.71,3/6/2020 16:00:00,150.11,3/6/2020 16:00:00,266.04
3/9/2020 16:00:00,40.34,3/9/2020 16:00:00,418.32,3/9/2020 16:00:00,88.32,3/9/2020 16:00:00,127.85,3/9/2020 16:00:00,245.44
3/10/2020 16:00:00,42.15,3/10/2020 16:00:00,450.34,3/10/2020 16:00:00,95.79,3/10/2020 16:00:00,133.85,3/10/2020 16:00:00,261.08
3/11/2020 16:00:00,40.48,3/11/2020 16:00:00,422.31,3/11/2020 16:00:00,89.84,3/11/2020 16:00:00,123.85,3/11/2020 16:00:00,246.47
3/12/2020 16:00:00,36.42,3/12/2020 16:00:00,377.78,3/12/2020 16:00:00,80.55,3/12/2020 16:00:00,111.55,3/12/2020 16:00:00,216.31
3/13/2020 16:00:00,40.07,3/13/2020 16:00:00,390.9,3/13/2020 16:00:00,83,3/13/2020 16:00:00,115.17,3/13/2020 16:00:00,240.84
3/16/2020 16:00:00,38.22,3/16/2020 16:00:00,322.29,3/16/2020 16:00:00,67.9,3/16/2020 16:00:00,98.97,3/16/2020 16:00:00,196.4
3/17/2020 16:00:00,39.85,3/17/2020 16:00:00,355.09,3/17/2020 16:00:00,77.78,3/17/2020 16:00:00,114.52,3/17/2020 16:00:00,217.27
3/18/2020 16:00:00,38.32,3/18/2020 16:00:00,336.83,3/18/2020 16:00:00,72.1,3/18/2020 16:00:00,105.73,3/18/2020 16:00:00,202.82
3/19/2020 16:00:00,37.1,3/19/2020 16:00:00,332.5,3/19/2020 16:00:00,77.28,3/19/2020 16:00:00,122.18,3/19/2020 16:00:00,212.97
3/20/2020 16:00:00,34.28,3/20/2020 16:00:00,346.06,3/20/2020 16:00:00,73.67,3/20/2020 16:00:00,120.5,3/20/2020 16:00:00,205.75
3/23/2020 16:00:00,31.38,3/23/2020 16:00:00,375.39,3/23/2020 16:00:00,74.95,3/23/2020 16:00:00,125.57,3/23/2020 16:00:00,212.69
3/24/2020 16:00:00,32.38,3/24/2020 16:00:00,430,3/24/2020 16:00:00,87.29,3/24/2020 16:00:00,136.43,3/24/2020 16:00:00,249.18
3/25/2020 16:00:00,34.37,3/25/2020 16:00:00,446.6,3/25/2020 16:00:00,85.34,3/25/2020 16:00:00,134.3,3/25/2020 16:00:00,245.62
3/26/2020 16:00:00,36.64,3/26/2020 16:00:00,447.41,3/26/2020 16:00:00,92.96,3/26/2020 16:00:00,133.11,3/26/2020 16:00:00,257.24
3/27/2020 16:00:00,36.64,3/27/2020 16:00:00,421.62,3/27/2020 16:00:00,87.09,3/27/2020 16:00:00,132.11,3/27/2020 16:00:00,252.73
3/30/2020 16:00:00,37.31,3/30/2020 16:00:00,430.38,3/30/2020 16:00:00,90.11,3/30/2020 16:00:00,136.43,3/30/2020 16:00:00,265.59
3/31/2020 16:00:00,38.67,3/31/2020 16:00:00,416.93,3/31/2020 16:00:00,89.38,3/31/2020 16:00:00,136.54,3/31/2020 16:00:00,263.6
4/1/2020 16:00:00,37.61,4/1/2020 16:00:00,384.67,4/1/2020 16:00:00,82.45,4/1/2020 16:00:00,126.14,4/1/2020 16:00:00,243.07
4/2/2020 16:00:00,36.22,4/2/2020 16:00:00,346.3,4/2/2020 16:00:00,83.37,4/2/2020 16:00:00,125.08,4/2/2020 16:00:00,255.47
4/3/2020 16:00:00,37.41,4/3/2020 16:00:00,357.65,4/3/2020 16:00:00,80.3,4/3/2020 16:00:00,120.47,4/3/2020 16:00:00,243.91
4/6/2020 16:00:00,37.28,4/6/2020 16:00:00,392.65,4/6/2020 16:00:00,89.8,4/6/2020 16:00:00,132.45,4/6/2020 16:00:00,268.4
4/7/2020 16:00:00,38.48,4/7/2020 16:00:00,378.54,4/7/2020 16:00:00,89.93,4/7/2020 16:00:00,131.82,4/7/2020 16:00:00,259.03
4/8/2020 16:00:00,40.13,4/8/2020 16:00:00,414.51,4/8/2020 16:00:00,93,4/8/2020 16:00:00,135.32,4/8/2020 16:00:00,266.95
4/9/2020 16:00:00,40.91,4/9/2020 16:00:00,417.74,4/9/2020 16:00:00,89.95,4/9/2020 16:00:00,140.34,4/9/2020 16:00:00,262.95
4/13/2020 16:00:00,40.44,4/13/2020 16:00:00,447.45,4/13/2020 16:00:00,90.47,4/13/2020 16:00:00,141.9,4/13/2020 16:00:00,269.85
4/14/2020 16:00:00,42.12,4/14/2020 16:00:00,496.06,4/14/2020 16:00:00,95.69,4/14/2020 16:00:00,149,4/14/2020 16:00:00,283.95
4/15/2020 16:00:00,40.91,4/15/2020 16:00:00,497.17,4/15/2020 16:00:00,92.87,4/15/2020 16:00:00,149.91,4/15/2020 16:00:00,280.84
4/16/2020 16:00:00,40.4,4/16/2020 16:00:00,526.43,4/16/2020 16:00:00,95.01,4/16/2020 16:00:00,153.98,4/16/2020 16:00:00,294.7
4/17/2020 16:00:00,40.85,4/17/2020 16:00:00,590.39,4/17/2020 16:00:00,95.4,4/17/2020 16:00:00,154.19,4/17/2020 16:00:00,292.32
4/20/2020 16:00:00,39.07,4/20/2020 16:00:00,629.9,4/20/2020 16:00:00,92.53,4/20/2020 16:00:00,160.28,4/20/2020 16:00:00,287.05
4/21/2020 16:00:00,37.76,4/21/2020 16:00:00,585,4/21/2020 16:00:00,88.1,4/21/2020 16:00:00,152.24,4/21/2020 16:00:00,269.51
4/22/2020 16:00:00,37.81,4/22/2020 16:00:00,626.56,4/22/2020 16:00:00,92.94,4/22/2020 16:00:00,158.33,4/22/2020 16:00:00,286.15
4/23/2020 16:00:00,38.45,4/23/2020 16:00:00,620.49,4/23/2020 16:00:00,92.79,4/23/2020 16:00:00,158.09,4/23/2020 16:00:00,284.01
4/24/2020 16:00:00,39.42,4/24/2020 16:00:00,643.19,4/24/2020 16:00:00,96.51,4/24/2020 16:00:00,159.94,4/24/2020 16:00:00,289.59
4/27/2020 16:00:00,39.75,4/27/2020 16:00:00,628.58,4/27/2020 16:00:00,98.38,4/27/2020 16:00:00,160.38,4/27/2020 16:00:00,297.08
4/28/2020 16:00:00,40.71,4/28/2020 16:00:00,633.65,4/28/2020 16:00:00,100.67,4/28/2020 16:00:00,154.75,4/28/2020 16:00:00,291.36
4/29/2020 16:00:00,40.47,4/29/2020 16:00:00,639.99,4/29/2020 16:00:00,106.22,4/29/2020 16:00:00,159.07,4/29/2020 16:00:00,298.46
4/30/2020 16:00:00,39.25,4/30/2020 16:00:00,632.29,4/30/2020 16:00:00,103.88,4/30/2020 16:00:00,162.13,4/30/2020 16:00:00,292.28
5/1/2020 16:00:00,37.91,5/1/2020 16:00:00,613.64,5/1/2020 16:00:00,98.83,5/1/2020 16:00:00,155.92,5/1/2020 16:00:00,282.78
5/4/2020 16:00:00,38.01,5/4/2020 16:00:00,658.89,5/4/2020 16:00:00,99.62,5/4/2020 16:00:00,159.95,5/4/2020 16:00:00,291.29
5/5/2020 16:00:00,36.8,5/5/2020 16:00:00,686.11,5/5/2020 16:00:00,104.71,5/5/2020 16:00:00,167.82,5/5/2020 16:00:00,293.74
5/6/2020 16:00:00,35.73,5/6/2020 16:00:00,733.53,5/6/2020 16:00:00,105.9,5/6/2020 16:00:00,170.61,5/6/2020 16:00:00,297.79
5/7/2020 16:00:00,35.1,5/7/2020 16:00:00,722.76,5/7/2020 16:00:00,106.19,5/7/2020 16:00:00,175.43,5/7/2020 16:00:00,304.87
5/8/2020 16:00:00,36.74,5/8/2020 16:00:00,708.97,5/8/2020 16:00:00,111.22,5/8/2020 16:00:00,176.49,5/8/2020 16:00:00,312.5
5/11/2020 16:00:00,36.42,5/11/2020 16:00:00,750.34,5/11/2020 16:00:00,110.41,5/11/2020 16:00:00,187.44,5/11/2020 16:00:00,322.62
5/12/2020 16:00:00,36.08,5/12/2020 16:00:00,742.28,5/12/2020 16:00:00,108.15,5/12/2020 16:00:00,193,5/12/2020 16:00:00,312.1